ID,Probability
seq2,0.1370208317230298
seq3,0.1370208556351102
seq4,0.13702085590895904
seq5,0.1370208559089589
seq6,0.137020855905647
