ID,Probability
seq4,0.137020855908959
seq5,0.1370208559089589
seq2,0.1482759743655807
seq3,0.4468927304964538
